<ImportExportXml version="9.2.24012.190" SolutionPackageVersion="9.2" languagecode="1046" generatedBy="CrmLive" xmlns:xsi="http://www.w3.org/2001/XMLSchema-instance">
  <SolutionManifest>
    <UniqueName>Treinamento2024</UniqueName>
    <LocalizedNames>
      <LocalizedName description="Treinamento Bootcamp Dio Sol2" languagecode="1046" />
    </LocalizedNames>
    <Descriptions>
      <Description description="Atualização do Treinamento 2024" languagecode="1046" />
    </Descriptions>
    <Version>3.0.0.0</Version>
    <Managed>0</Managed>
    <Publisher>
      <UniqueName>diotreinamento</UniqueName>
      <LocalizedNames>
        <LocalizedName description="DIO Treinamento" languagecode="1046" />
      </LocalizedNames>
      <Descriptions />
      <EMailAddress xsi:nil="true"></EMailAddress>
      <SupportingWebsiteUrl xsi:nil="true"></SupportingWebsiteUrl>
      <CustomizationPrefix>dio</CustomizationPrefix>
      <CustomizationOptionValuePrefix>91430</CustomizationOptionValuePrefix>
      <Addresses>
        <Address>
          <AddressNumber>1</AddressNumber>
          <AddressTypeCode>1</AddressTypeCode>
          <City xsi:nil="true"></City>
          <County xsi:nil="true"></County>
          <Country xsi:nil="true"></Country>
          <Fax xsi:nil="true"></Fax>
          <FreightTermsCode xsi:nil="true"></FreightTermsCode>
          <ImportSequenceNumber xsi:nil="true"></ImportSequenceNumber>
          <Latitude xsi:nil="true"></Latitude>
          <Line1 xsi:nil="true"></Line1>
          <Line2 xsi:nil="true"></Line2>
          <Line3 xsi:nil="true"></Line3>
          <Longitude xsi:nil="true"></Longitude>
          <Name xsi:nil="true"></Name>
          <PostalCode xsi:nil="true"></PostalCode>
          <PostOfficeBox xsi:nil="true"></PostOfficeBox>
          <PrimaryContactName xsi:nil="true"></PrimaryContactName>
          <ShippingMethodCode>1</ShippingMethodCode>
          <StateOrProvince xsi:nil="true"></StateOrProvince>
          <Telephone1 xsi:nil="true"></Telephone1>
          <Telephone2 xsi:nil="true"></Telephone2>
          <Telephone3 xsi:nil="true"></Telephone3>
          <TimeZoneRuleVersionNumber xsi:nil="true"></TimeZoneRuleVersionNumber>
          <UPSZone xsi:nil="true"></UPSZone>
          <UTCOffset xsi:nil="true"></UTCOffset>
          <UTCConversionTimeZoneCode xsi:nil="true"></UTCConversionTimeZoneCode>
        </Address>
        <Address>
          <AddressNumber>2</AddressNumber>
          <AddressTypeCode>1</AddressTypeCode>
          <City xsi:nil="true"></City>
          <County xsi:nil="true"></County>
          <Country xsi:nil="true"></Country>
          <Fax xsi:nil="true"></Fax>
          <FreightTermsCode xsi:nil="true"></FreightTermsCode>
          <ImportSequenceNumber xsi:nil="true"></ImportSequenceNumber>
          <Latitude xsi:nil="true"></Latitude>
          <Line1 xsi:nil="true"></Line1>
          <Line2 xsi:nil="true"></Line2>
          <Line3 xsi:nil="true"></Line3>
          <Longitude xsi:nil="true"></Longitude>
          <Name xsi:nil="true"></Name>
          <PostalCode xsi:nil="true"></PostalCode>
          <PostOfficeBox xsi:nil="true"></PostOfficeBox>
          <PrimaryContactName xsi:nil="true"></PrimaryContactName>
          <ShippingMethodCode>1</ShippingMethodCode>
          <StateOrProvince xsi:nil="true"></StateOrProvince>
          <Telephone1 xsi:nil="true"></Telephone1>
          <Telephone2 xsi:nil="true"></Telephone2>
          <Telephone3 xsi:nil="true"></Telephone3>
          <TimeZoneRuleVersionNumber xsi:nil="true"></TimeZoneRuleVersionNumber>
          <UPSZone xsi:nil="true"></UPSZone>
          <UTCOffset xsi:nil="true"></UTCOffset>
          <UTCConversionTimeZoneCode xsi:nil="true"></UTCConversionTimeZoneCode>
        </Address>
      </Addresses>
    </Publisher>
    <RootComponents>
      <RootComponent type="1" schemaName="dio_aluno" behavior="0" />
      <RootComponent type="1" schemaName="dio_alunos" behavior="0" />
      <RootComponent type="1" schemaName="dio_alunoxcursos" behavior="0" />
      <RootComponent type="1" schemaName="dio_curso" behavior="0" />
      <RootComponent type="1" schemaName="dio_cursoxinstrutores" behavior="0" />
      <RootComponent type="1" schemaName="dio_instrutores" behavior="0" />
      <RootComponent type="1" schemaName="lead" behavior="2" />
      <RootComponent type="1" schemaName="msdyn_jobsstate" behavior="2" />
      <RootComponent type="29" id="{0f3f2857-4de4-4ee6-9c78-cf9f69c39c47}" behavior="0" />
      <RootComponent type="29" id="{4c7b7529-514d-411f-9fbd-d26187afbd3e}" behavior="0" />
      <RootComponent type="29" id="{cee02837-a9ae-ee11-a569-0022483861bc}" behavior="0" />
      <RootComponent type="29" id="{ede7744c-d339-4969-85f7-c6f36bb35d4c}" behavior="0" />
      <RootComponent type="29" id="{fe45950c-1001-4588-8453-2ae2181d3896}" behavior="0" />
      <RootComponent type="61" schemaName="dio_BibliotecaJS" behavior="0" />
      <RootComponent type="61" schemaName="dio_Scriptcallactioncep" behavior="0" />
      <RootComponent type="61" schemaName="dio_scriptcallmyaction" behavior="0" />
      <RootComponent type="61" schemaName="dio_scriptribbon" behavior="0" />
      <RootComponent type="61" schemaName="dio_WebPageTreinamento" behavior="0" />
      <RootComponent type="62" schemaName="dio_Treinamento20241" behavior="0" />
      <RootComponent type="80" schemaName="dio_Treinamento20241" behavior="0" />
      <RootComponent type="91" id="{acbd10b0-6fd3-4141-a885-54d21a0db32b}" schemaName="PluginProjetoDesafioII, Version=1.0.0.0, Culture=neutral, PublicKeyToken=07fef9adf91e04c0" behavior="0" />
      <RootComponent type="91" id="{63aaa2b4-f6c0-44f1-92fa-890e2ba7c913}" schemaName="PluginProjetoDesafioII, Version=1.0.0.0, Culture=neutral, PublicKeyToken=c4da508891596567" behavior="0" />
      <RootComponent type="300" schemaName="dio_appinstrutoreshabilitados_c9926" behavior="0" />
    </RootComponents>
    <MissingDependencies>
      <MissingDependency>
        <Required type="1" schemaName="lead" displayName="Cliente Potencial" solution="msdynce_LeadManagement (9.0.4.0066)" />
        <Dependent type="1" schemaName="lead" displayName="Cliente Potencial" />
      </MissingDependency>
      <MissingDependency>
        <Required type="1" schemaName="msdyn_jobsstate" displayName="JobsState" solution="msdyn_CCAIntelligentService (1.0.0.42)" />
        <Dependent type="1" schemaName="msdyn_jobsstate" displayName="JobsState" />
      </MissingDependency>
      <MissingDependency>
        <Required type="1" schemaName="msdyn_playbookcategory" displayName="[PRETERIDO] Categoria do guia estratégico" solution="msdyn_Playbook (9.0.2310.3000 )" />
        <Dependent type="10" schemaName="dio_msdyn_playbookcategory_dio_alunoxcursos_alunoxcursos" displayName="dio_msdyn_playbookcategory_dio_alunoxcursos_alunoxcursos" parentSchemaName="msdyn_playbookcategory" parentDisplayName="[PRETERIDO] Categoria do guia estratégico" />
      </MissingDependency>
      <MissingDependency>
        <Required type="2" schemaName="msdyn_name" displayName="Nome" parentSchemaName="msdyn_playbookcategory" parentDisplayName="[PRETERIDO] Categoria do guia estratégico" solution="msdyn_Playbook (9.0.2310.3000 )" />
        <Dependent type="10" schemaName="dio_msdyn_playbookcategory_dio_alunoxcursos_alunoxcursos" displayName="dio_msdyn_playbookcategory_dio_alunoxcursos_alunoxcursos" parentSchemaName="msdyn_playbookcategory" parentDisplayName="[PRETERIDO] Categoria do guia estratégico" />
      </MissingDependency>
      <MissingDependency>
        <Required type="2" schemaName="msdyn_name" displayName="Nome" parentSchemaName="msdyn_playbookcategory" parentDisplayName="[PRETERIDO] Categoria do guia estratégico" solution="msdyn_Playbook (9.0.2310.3000 )" />
        <Dependent type="10" schemaName="dio_msdyn_playbookcategory_dio_alunoxcursos_cursodisponivel" displayName="dio_msdyn_playbookcategory_dio_alunoxcursos_cursodisponivel" parentSchemaName="msdyn_playbookcategory" parentDisplayName="[PRETERIDO] Categoria do guia estratégico" />
      </MissingDependency>
      <MissingDependency>
        <Required type="2" schemaName="msdyn_playbookcategoryid" displayName="Categoria do guia estratégico" parentSchemaName="msdyn_playbookcategory" parentDisplayName="[PRETERIDO] Categoria do guia estratégico" solution="msdyn_Playbook (9.0.2310.3000 )" />
        <Dependent type="10" schemaName="dio_msdyn_playbookcategory_dio_alunoxcursos_alunoxcursos" displayName="dio_msdyn_playbookcategory_dio_alunoxcursos_alunoxcursos" parentSchemaName="msdyn_playbookcategory" parentDisplayName="[PRETERIDO] Categoria do guia estratégico" />
      </MissingDependency>
      <MissingDependency>
        <Required type="61" schemaName="msdyn_/Images/AppModule_Default_Icon.png" displayName="msdyn_/Images/AppModule_Default_Icon.png" solution="AppModuleWebResources (2.5)" />
        <Dependent type="80" schemaName="dio_Treinamento20241" displayName="Desafio 2 DIO" />
      </MissingDependency>
      <MissingDependency>
        <Required type="66" schemaName="MscrmControls.Canvas.CanvasControl" displayName="MscrmControls.Canvas.CanvasControl" solution="BaseCustomControlsCore (9.0.2401.2002)" />
        <Dependent type="60" displayName="Informações" parentDisplayName="Curso" id="{12b231d0-3549-4939-9758-e12f467a6e01}" />
      </MissingDependency>
      <MissingDependency>
        <Required type="66" schemaName="MscrmControls.Canvas.CanvasControl" displayName="MscrmControls.Canvas.CanvasControl" solution="BaseCustomControlsCore (9.0.2401.2002)" />
        <Dependent type="60" displayName="Curso2024" parentDisplayName="Curso" id="{85f3ec8d-449b-4c76-af1e-2528678d5d8e}" />
      </MissingDependency>
      <MissingDependency>
        <Required type="connectionreference" displayName="new_sharedoutlook_ac830" solution="Active" id.connectionreferencelogicalname="new_sharedoutlook_ac830" />
        <Dependent type="29" displayName="PowerAppV2 -&gt; Enviar um email (V2)" id="{cee02837-a9ae-ee11-a569-0022483861bc}" />
      </MissingDependency>
    </MissingDependencies>
  </SolutionManifest>
</ImportExportXml>